Compound,Gradient,Abundance A,Abundance B
"Cyclohexene, 1-methyl-5-(1-methylethenyl)-",24.59,13.98,38.57
"Cyclohexene, 1-methyl-5-(1-methylethenyl)-, (R)-",24.59,13.98,38.57
D-Limonene,24.59,13.98,38.57
2-Chloro-benzotrifluoride,19.7,0.37,20.07
3-Chlorobenzotrifluoride,19.7,0.37,20.07
"Benzene, 1-chloro-4-(trifluoromethyl)-",19.7,0.37,20.07
Acetone,14.67,18.72,33.39
"Oxirane, methyl-, (S)-",14.67,18.72,33.39
Propylene oxide,14.67,18.72,33.39
"Pentafluoropropionic acid, 2-ethylhexyl ester",3.16,0,3.16
"2-Propanol, 1-hydrazino-",3.14,0,3.14
2-Propyl-1-pentanol,2.83,0.33,3.16
"1-Hexanol, 2-ethyl-",2.83,0.33,3.16
o-Isopropenyltoluene,2.3,0,2.3
"2H-Pyran-2-one, tetrahydro-6,6-dimethyl-",2.06,0,2.06
"1-Propene, 2-methyl-",2.06,0,2.06
Propane,2.06,0,2.06
"Bicyclo[3.1.0]hexane, 4-methylene-1-(1-methylethyl)-",1.82,0,1.82
Ã¡-Pinene,1.69,0.13,1.82
4-Ethoxybenzhydrazide,1.64,0,1.64
"Benzoic acid, 4-ethoxy-, ethyl ester",1.64,0,1.64
Ethylparaben,1.64,0,1.64
"Acetic acid, butoxyhydroxy-, butyl ester",1.48,0,1.48
"1,3,5-Cycloheptatriene",1.44,0.9,2.35
"Cyclobutene, 2-propenylidene-",1.44,0.9,2.35
Toluene,1.44,0.9,2.35
"Benzene, 1-methyl-4-(1-methylethenyl)-",1.36,0.93,2.3
"Benzene, 4-ethenyl-1,2-dimethyl-",1.36,0.93,2.3
"Benzaldehyde, 2,4-dimethyl-",1.26,0,1.26
"Benzaldehyde, 3,4-dimethyl-",1.26,0,1.26
"4-Ethylbenzoic acid, 2-ethylhexyl ester",1.26,0,1.26
"3-Nonen-1-ol, (E)-",1.18,0,1.18
"3-Nonen-1-ol, (Z)-",1.18,0,1.18
"Decane, 2,5-dimethyl-",1.12,0,1.12
"6,7-Dimethyl-3H-isobenzofuran-1-one",1.08,0,1.08
"Benzeneacetaldehyde, Ã ,2,5-trimethyl-",1.08,0,1.08
"Benzene, 2,4-dimethyl-1-(1-methylpropyl)-",1.08,0,1.08
4-(6-Methoxy-3-methyl-2-benzofuranyl)-3-buten-2-one,1.08,0,1.08
"Indan, 6-tert-butyl-4-ethyl-1,1-dimethyl-",1.08,0,1.08
Hexadecane,1.08,0.04,1.12
"Octane, 2,3-dimethyl-",1.07,0.04,1.12
"Pentafluoropropionic acid, pentadecyl ester",0.96,0,0.96
"3-Octadecene, (E)-",0.96,0,0.96
"Dodecane, 2,6,10-trimethyl-",0.94,0.08,1.03
"1-Nonene, 4,6,8-trimethyl-",0.94,0,0.94
Nonanal,0.9,0.27,1.18
Cyclodecanol,0.9,0,0.9
"1-Octanol, 2-butyl-",0.9,0.04,0.94
"Oxalic acid, isobutyl pentyl ester",0.87,0,0.87
"Propane, 2-methyl-1-nitro-",0.87,0,0.87
3-Methylheptyl acetate,0.87,0,0.87
4-(Prop-2-enoyloxy)octane,0.87,0,0.87
"Acetic acid, 2-ethylhexyl ester",0.87,0,0.87
"Octane, 2-chloro-",0.83,0,0.83
"Cyclobutane, butyl-",0.83,0,0.83
"Undecane, 2,6-dimethyl-",0.81,0.1,0.91
"Benzo[b]naphtho[2,3-d]thiophene, 9,10-dihydro-7-meth",0.81,0,0.81
"2-(3,5-Dichloro-4-methoxymethylphenyl)propan-2-ol",0.81,0,0.81
"Decane, 5-methyl-",0.81,0,0.81
"Nonane, 2,5-dimethyl-",0.81,0,0.81
"Cyclohexane, 1,4-dimethyl-2-octadecyl-",0.81,0,0.81
"2,5-di-tert-Butyl-1,4-benzoquinone",0.8,0,0.8
"Heptane, 2,4,6-trimethyl-",0.8,0.22,1.02
"Octane, 2,3,6,7-tetramethyl-",0.79,0,0.79
"Undecane, 4-methyl-",0.79,0,0.79
"Undecane, 4,8-dimethyl-",0.78,0.12,0.9
"9-Hexadecenoic acid, tetradecyl ester, (Z)-",0.78,0.03,0.81
Hexane,0.75,0.72,1.48
"Pentane, 3-methyl-",0.75,0.72,1.48
"Cyclopropane, pentyl-",0.75,0.08,0.83
Heptane,0.75,0.28,1.02
"Undecane, 4-ethyl-",0.75,0,0.75
"2,5-Cyclohexadiene-1,4-dione, 2,6-bis(1,1-dimethylethyl)",0.75,0.06,0.8
2-Decen-1-ol,0.75,0.15,0.9
Decanal,0.75,0.15,0.9
"Octane, 3,6-dimethyl-",0.74,0.09,0.83
"2-Pentene, 3,4-dimethyl-, (E)-",0.74,0,0.74
Dodecane,0.72,0.19,0.91
"Benzene, 1-methyl-4-(1-methylethyl)-",0.72,0.32,1.04
"Benzene, 1-methyl-2-(1-methylethyl)-",0.72,0.32,1.04
"Benzene, 1-methyl-3-(1-methylethyl)-",0.72,0.32,1.04
"Pentane, 2,3-dimethyl-",0.71,0.31,1.02
"Nonane, 5-(2-methylpropyl)-",0.71,0,0.71
"1,4-Dichloro-2-fluorobenzene",0.71,0,0.71
"Hexane, 3-methyl-",0.68,0.31,0.99
"Octane, 2,6,6-trimethyl-",0.67,0.04,0.71
"Pentanal, 2-methyl-",0.67,0,0.67
2-Vinylethyl acetate,0.67,0,0.67
"Benzeneethanol, Ã ,Ã¡-dimethyl-",0.66,0,0.66
"Hexane, 2,3,3-trimethyl-",0.65,0,0.65
2-Isopropyl-5-methyl-1-heptanol,0.65,0,0.65
"Cyclohexane, 1,4-dimethyl-",0.64,0,0.64
"Cyclohexane, 1,2-dimethyl-, cis-",0.64,0,0.64
"Cyclohexane, 1,2-dimethyl-, trans-",0.64,0,0.64
"Undecane, 5,7-dimethyl-",0.63,0.39,1.02
Dimethyl ether,0.57,0,0.57
Ethanol,0.57,0,0.57
"Hydrazine, methyl-",0.57,0,0.57
"Heptane, 3-methyl-",0.56,0.1,0.65
"Hexadecane, 1-bromo-",0.54,0,0.54
"Dodecane, 4-methyl-",0.54,0,0.54
"Undecane, 2,8-dimethyl-",0.54,0,0.54
Ã -Pinene,0.54,0.2,0.74
"Bicyclo[3.1.1]hept-2-ene, 2,6,6-trimethyl-, (Ã±)-",0.54,0.2,0.74
3-Carene,0.54,0.2,0.74
"Benzene, 1,3-dimethyl-",0.52,0.15,0.66
"1-Dodecanol, 3,7,11-trimethyl-",0.51,0,0.51
"2,3,5,6-Tetramethylterephthalaldehyde",0.51,0,0.51
"Benzene, 1-(1-ethylpropyl)-4-propyl-",0.51,0,0.51
"4,5,6,7-Tetramethylphthalide",0.51,0,0.51
"Dodecane, 4,6-dimethyl-",0.5,0,0.5
Ethyl L-menthyl carbonate,0.49,0,0.49
"Cyclohexanol, 5-methyl-2-(1-methylethyl)-, (1Ã ,2Ã¡,5Ã )-",0.49,0,0.49
"Decane, 2,3,7-trimethyl-",0.48,0,0.48
"Decane, 3,7-dimethyl-",0.44,0.31,0.75
"Cyclohexane, methyl-",0.43,0.31,0.74
Cycloheptane,0.43,0.31,0.74
"Octane, 2,5,6-trimethyl-",0.43,0.13,0.55
"Undecane, 2,3-dimethyl-",0.42,0,0.42
"Nonane, 5-methyl-5-propyl-",0.42,0.29,0.71
"Hexane, 4-ethyl-2-methyl-",0.42,0,0.42
"Cyclohexane, 1,3-dimethyl-, cis-",0.41,0,0.41
"Cyclohexane, 1,3-dimethyl-, trans-",0.41,0,0.41
"1,3-Dimethylcyclohexane,c&t",0.41,0,0.41
"Acetic acid, anhydride with formic acid",0.38,0,0.38
Acetic acid,0.38,0,0.38
Propanedioic acid,0.38,0,0.38
1-Octen-3-ol,0.38,0,0.38
"Hexanal, 2-ethyl-",0.38,0,0.38
"Heptane, 2-methyl-",0.38,0.04,0.42
"Undecane, 2-methyl-",0.37,0,0.37
"Cyclohexane, 1-methylene-4-(1-methylethenyl)-",0.36,0,0.36
"Octane, 2,3,3-trimethyl-",0.35,0.07,0.42
"Nonane, 3-methyl-5-propyl-",0.34,0.08,0.42
"Pentane, 2-bromo-",0.34,0.32,0.66
Octanal,0.34,0.1,0.44
2-Octen-1-ol,0.34,0.1,0.44
"2-Octen-1-ol, (E)-",0.34,0.1,0.44
"Heptane, 2,3,6-trimethyl-",0.34,0.22,0.56
"Octane, 3-ethyl-",0.34,0,0.34
"Oxalic acid, bis(2-ethylhexyl) ester",0.34,0,0.34
Tetradecane,0.33,0.05,0.38
"Hexane, 2,5-dimethyl-",0.33,0.09,0.42
"Nonane, 2-methyl-",0.31,0,0.31
"Hexadecane, 2,6,11,15-tetramethyl-",0.31,0,0.31
"Heptane, 2,2,3,3,5,6,6-heptamethyl-",0.31,0,0.31
"Ethanol, 2-butoxy-, benzoate",0.31,0,0.31
"4,4-Dipropylheptane",0.31,0,0.31
"Octane, 2,4,6-trimethyl-",0.31,0.13,0.43
Octane,0.3,0.11,0.41
"Heptane, 2,4-dimethyl-",0.3,0.11,0.41
"Pentadecane, 2,6,10-trimethyl-",0.29,0,0.29
"Sulfurous acid, 2-ethylhexyl pentadecyl ester",0.29,0,0.29
"Sulfurous acid, 2-ethylhexyl heptadecyl ester",0.29,0,0.29
"Sulfurous acid, 2-ethylhexyl hexadecyl ester",0.29,0,0.29
"Heptane, 2,2,3,5-tetramethyl-",0.29,0,0.29
"Bicyclo[4.2.0]octa-1,3,5-triene",0.28,0.12,0.41
"1,3,5,7-Cyclooctatetraene",0.28,0.12,0.41
Styrene,0.28,0.12,0.41
"Pentane, 3-ethyl-",0.28,0.03,0.31
p-Xylene,0.27,0.39,0.66
"Nonane, 2,2,3-trimethyl-",0.27,0,0.27
"Decane, 4-methyl-",0.27,0.07,0.34
"Butane, 1,1,3,4-tetrachloro-1,2,2,3,4,4-hexafluoro-",0.27,0.03,0.3
"Butane, 1,2,3,4-tetrachloro-1,1,2,3,4,4-hexafluoro-",0.27,0.03,0.3
2-Hexyl-1-octanol,0.26,0,0.26
"Dichloroacetic acid, tetradecyl ester",0.26,0,0.26
"2-Decene, 8-methyl-, (Z)-",0.26,0,0.26
"2,4-Dimethyl-1-heptene",0.26,0,0.26
"1-Heptene, 5-methyl-",0.26,0,0.26
"Decane, 6-ethyl-2-methyl-",0.25,0,0.25
"3,5-Di-t-butyl-4-methoxy-1,4-dihydrobenzaldehyde",0.24,0,0.24
"9-Hexadecenoic acid, 9-octadecenyl ester, (Z,Z)-",0.24,0,0.24
"2,6-Bis(1,1-dimethylethyl)-4-(1-oxopropyl)phenol",0.24,0,0.24
Phosphorus trichloride,0.24,0,0.24
1-Nonene,0.24,0,0.24
3-Nonene,0.24,0,0.24
Decane,0.24,0.2,0.43
"Hexane, 3-ethyl-2-methyl-",0.24,0.57,0.81
"Hexane, 2,3,5-trimethyl-",0.23,0,0.23
"Octane, 2,6-dimethyl-",0.23,0.8,1.03
"Bicyclo[3.1.1]heptane, 6,6-dimethyl-2-methylene-, (1S)-",0.23,0.13,0.36
"Cyclohexene, 4-methyl-3-(1-methylethylidene)-",0.22,0,0.22
"Dodecane, 6-methyl-",0.22,0,0.22
"Undecane, 2,5-dimethyl-",0.22,0,0.22
"2,2,7,7-Tetramethyltricyclo[6.2.1.0(1,6)]undec-4-en-3-one",0.22,0,0.22
Tridecane,0.22,0.19,0.41
"Pentane, 2,3,4-trimethyl-",0.22,0.09,0.31
"Undecane, 4,6-dimethyl-",0.22,0.21,0.43
"Nonane, 2-methyl-5-propyl-",0.22,0.15,0.37
"Octane, 5-ethyl-2-methyl-",0.22,0,0.22
"Decane, 5,6-dipropyl-",0.22,0,0.22
"1H-Pyrazole, 3-methyl-",0.21,0,0.21
"Decane, 2,5,6-trimethyl-",0.21,0.22,0.43
Butylated Hydroxytoluene,0.2,0,0.2
"Phenol, 2,6-bis(1,1-dimethylethyl)-4-methyl-, methylcarbamate",0.2,                  0.00                   0.20,0
"Phenol, 4,6-di(1,1-dimethylethyl)-2-methyl-",0,0,0.2
"1-Decene, 2,4-dimethyl-",0,0,0.2
"Cyclooctane, 1,4-dimethyl-, cis-",0,0,0.2
"Cyclooctane, 1,4-dimethyl-, trans-",0,0,0.2
1-Chloroundecane,0,0,0.2
"Tetradecane, 1-chloro-",0,0,0.2
"Benzene, (1,3,3-trimethylnonyl)-",0,0.11,0.31
"1,3-Isobenzofurandione, hexahydro-4,7-dimethyl-",0,0,0.2
Dimethyl selenide,0,0,0.2
"Tricyclo[4.3.1.1(3,8)]undecan-3-ol",0,0,0.2
"Heptadecane, 2,6-dimethyl-",0,0.09,0.28
"Butane, 1-bromo-3-methyl-",0,0,0.2
"3-Hexanone, 4,4-dimethyl-",0,0,0.2
"2-Piperidinone, N-[4-bromo-n-butyl]-",0,0,0.19
"1,2-Dichloro-4-fluorobenzene",0,0.52,0.71
Tetrachloroethylene,0,0.52,0.71
"2-Propanol, 2-methyl-",0,0,0.19
"Formic acid, 1,1-dimethylethyl ester",0,0,0.19
"Tridecane, 1-iodo-",0,0,0.19
"Tridecane, 6-propyl-",0,0,0.19
"Decane, 2,2-dimethyl-",0,0.08,0.27
"Cyclopentane, 1,2-dimethyl-, trans-",0,0,0.19
"Bicyclo[3.1.0]hex-2-ene, 4-methylene-1-(1-methylethyl)-",0,0,0.19
Nonane,0,0.14,0.32
"3-Tetradecene, (E)-",0,0,0.18
"6-Tetradecene, (E)-",0,0,0.18
"2-Tetradecene, (E)-",0,0,0.18
"Nonane, 3,7-dimethyl-",0,0.19,0.37
"Heptane, 2,2-dimethyl-",0,0.18,0.35
Butyl isocyanatoacetate,0,0.18,0.35
"Octane, 4,5-dipropyl-",0,0,0.18
"Undecane, 6-methyl-",0.18,0,0.18
"Cyclohexanol, 1-methyl-4-(1-methylethyl)-",0.18,0.31,0.49
"Sulfurous acid, pentyl tetradecyl ester",0.18,0,0.18
"Sulfurous acid, decyl pentyl ester",0.18,0,0.18
"Decane, 2,3,4-trimethyl-",0.17,0.31,0.48
"Hexadecane, 1-chloro-",0.17,0,0.17
1-Octadecanesulphonyl chloride,0.17,0,0.17
1-Iodo-2-methylundecane,0.16,0,0.16
"Nonadecane, 2-methyl-",0.16,0,0.16
"Eicosane, 2-methyl-",0.16,0,0.16
"1-Pentene, 4-methyl-",0.16,0,0.16
"Propane, 2-cyclopropyl-",0.16,0,0.16
"Cyclopropane, 1-methyl-2-pentyl-",0.16,0.08,0.24
"2-Undecanethiol, 2-methyl-",0.16,0,0.16
"1-Adamantanecarboxylic acid, 5-tetradecyl ester",0.16,0,0.16
"Chloroacetic acid, 3-tetradecyl ester",0.16,0,0.16
(Z)-2-Heptene,0.16,0,0.16
"Decane, 2,6,6-trimethyl-",0.16,0.13,0.28
"Sulfurous acid, 2-ethylhexyl nonyl ester",0.16,0,0.16
"Sulfurous acid, pentyl undecyl ester",0.16,0,0.16
"Sulfurous acid, 2-ethylhexyl undecyl ester",0.16,0,0.16
"Tridecane, 7-methyl-",0.15,0.06,0.22
"Tridecane, 5-methyl-",0.15,0,0.15
"Undecane, 2,7-dimethyl-",0.15,0,0.15
"Benzene, 1,3,5-trimethyl-",0.15,0.11,0.26
"Tridecane, 4-methyl-",0.15,0,0.15
"Undecane, 3,9-dimethyl-",0.15,0,0.15
"Undecane, 3-ethyl-",0.15,0,0.15
1-Heptene,0.15,0.04,0.19
"Octane, 2,5-dimethyl-",0.15,0,0.15
"Hexane, 3-ethyl-2,5-dimethyl-",0.15,0.14,0.29
"Decane, 2,5,9-trimethyl-",0.15,0.1,0.25
"Sulfurous acid, dodecyl 2-pentyl ester",0.14,0,0.14
"Sulfurous acid, dodecyl pentyl ester",0.14,0,0.14
"Octane, 4-ethyl-",0.14,0.07,0.22
"Cyclopentane, 1,3-dimethyl-, cis-",0.14,0.05,0.19
"Butane, 1-(ethenyloxy)-3-methyl-",0.14,0,0.14
"1,2,4-Trioxolane, 3,5-diphenyl-",0.14,0,0.14
"Benzeneacetonitrile, Ã -hydroxy-",0.14,0,0.14
1-Hexadecanol,0.14,0,0.14
"Cyclopentane, nonyl-",0.14,0,0.14
"Hexadecen-1-ol, trans-9-",0.14,0,0.14
"Heptane, 2,3,4-trimethyl-",0.14,0,0.14
"5-Undecene, 3-methyl-, (E)-",0.13,0,0.13
"5-Undecene, 3-methyl-, (Z)-",0.13,0,0.13
"Decane, 2,6,7-trimethyl-",0.13,0.15,0.28
"Eicosane, 10-methyl-",0.13,0,0.13
2-Bromo dodecane,0.13,0,0.13
"Tridecane, 3-methyl-",0.13,0,0.13
"Trichloroacetic acid, 2-tetradecyl ester",0.13,0,0.13
"Trichloroacetic acid, 4-tetradecyl ester",0.13,0,0.13
1-Dodecene,0.13,0,0.13
"Cyclopropane, 1,2-dimethyl-, trans-",0.13,0,0.13
"Cyclopropane, ethyl-",0.13,0,0.13
"Decane, 2,3,6-trimethyl-",0.13,0.12,0.25
1-Hexene,0.13,0,0.13
"3-Hexene, (Z)-",0.13,0,0.13
"Ethane, 1,1,1-trichloro-2,2,2-trifluoro-",0.12,0,0.12
"Hexadecane, 5-butyl-",0.12,0,0.12
"1-Decanol, 2-hexyl-",0.12,0,0.12
"Heptadecane, 2,6,10,14-tetramethyl-",0.12,0.04,0.16
"Dodecane, 5-methyl-",0.12,0,0.12
"Decane, 4-ethyl-",0.12,0,0.12
"Undecane, 2,4-dimethyl-",0.12,0,0.12
Cyclotridecane,0.12,0,0.12
"Cyclooctane, methyl-",0.12,0,0.12
"1(3H)-Isobenzofuranone, 5-methyl-",0.12,0,0.12
4-Methylphthalaldehyde,0.12,0,0.12
"Benzaldehyde, 4-propyl-",0.12,0,0.12
Ã¡-Vatirenene,0.12,0,0.12
"Isolongifolene, 9,10-dehydro-",0.12,0,0.12
"Neoisolongifolene, 8,9-dehydro-",0.12,0,0.12
"Decane, 5,6-dimethyl-",0.12,0,0.12
"Undecane, 3,7-dimethyl-",0.12,0.39,0.5
2-Butenal,0.11,0,0.11
"2(3H)-Furanone, 4,5-dihydro-4-(2-methyl-3-methylenebu",0.11,0,0.11
"Cyclohexane, 1,1,2,3-tetramethyl-t-4-yl)-",0.11,0,0.11
"Heptadecane, 2,6,10,15-tetramethyl-",0.11,0.05,0.16
"Benzene, 1-ethyl-2-methyl-",0.11,0.15,0.25
"Benzene, 1-ethyl-3-methyl-",0.11,0.15,0.25
"Benzene, 1-ethyl-4-methyl-",0.11,0.15,0.25
"Heneicosane, 11-(1-ethylpropyl)-",0.11,0,0.11
tert-Hexadecanethiol,0.11,0,0.11
"Benzene, propyl-",0.11,0.08,0.19
"1,3,5-Cycloheptatriene, 7-ethyl-",0.11,0.08,0.19
"1-Butanol, 3,3-dimethyl-",0.1,0,0.1
"Hydroperoxide, 1-methylhexyl",0.1,0,0.1
"Oxirane, [(tetradecyloxy)methyl]-",0.1,0,0.1
"Pentane, 1,1,2,3,4,5-hexachloro-1,2,3,4,5,5-hexafluoro-",0.1,0,0.1
(Z)-3-Heptene,0.1,0.06,0.16
"3-Heptene, (E)-",0.1,0.06,0.16
1-Chloroeicosane,0.1,0,0.1
"Nonadecane, 1-chloro-",0.1,0,0.1
"Benzo[b]dihydropyran, 6-hydroxy-4,4,5,7,8-pentamethyl",-0.1,0,0.1
"2,3-Dimethyldecane",0.1,0.08,0.18
"Furan, 2-methyl-",0.1,0.06,0.15
"Furan, 3-methyl-",0.1,0.06,0.15
"Decane, 3-methyl-",0.1,0.08,0.17
"Cyclohexane, 1,1-dimethyl-2-propyl-",0.1,0,0.1
"1-Ethyl-2,2,6-trimethylcyclohexane",0.1,0,0.1
"4-Decene, 7-methyl-, (E)-",0.1,0,0.1
"Decane, 3,3,4-trimethyl-",0.1,0.09,0.18
"Octadecane, 6-methyl-",0.09,0.07,0.17
"Dodecane, 2,6,11-trimethyl-",0.09,0.15,0.25
"2,6-Dimethyldecane",0.09,0.07,0.16
"Nonane, 5-(1-methylpropyl)-",0.09,0.09,0.17
"Tetradecane, 5-methyl-",0.08,0.07,0.15
"Heptane, 3-ethyl-",0.08,0.05,0.14
"1-Hexadecanol, 2-methyl-",0.08,0.11,0.19
"Acetic acid, cyano-, 1,1-dimethylethyl ester",0.08,0.11,0.19
"Decane, 2-methyl-",0.08,0.34,0.42
"Hexane, 2,3,4-trimethyl-",0.08,0.03,0.11
"Cyclopropane, 1-ethyl-2-methyl-, cis-",0.08,0.05,0.13
"Octadecane, 3-ethyl-5-(2-ethylbutyl)-",0.08,0.03,0.11
"Tetradecane, 2,6,10-trimethyl-",0.07,0.12,0.19
"Heptadecane, 9-hexyl-",0.07,0.05,0.12
"Heptane, 4-methyl-",0.07,0.07,0.14
"1-Hexene, 4-ethyl-",0.07,0.07,0.14
n-Tridecan-1-ol,0.07,0.05,0.12
"2-Undecene, 3-methyl-, (Z)-",0.07,0.07,0.13
"1-Pentene, 2-methyl-",0.07,0.1,0.17
Cyclohexane,0.07,0.1,0.17
"Undecane, 4,7-dimethyl-",0.07,0.22,0.29
"Tridecane, 6-methyl-",0.07,0.11,0.18
"Octadecane, 2-methyl-",0.06,0.03,0.1
"2,2,7,7-Tetramethyloctane",0.06,0.06,0.12
"Butane, 2,3-dimethyl-",0.06,0.1,0.16
"Pentane, 2-methyl-",0.06,0.1,0.16
"Pentane, 2,3,3-trimethyl-",0.05,0.13,0.18
"Hexane, 3,3-dimethyl-",0.05,0.13,0.18
Naphthalene,0.05,0.12,0.17
Azulene,0.05,0.12,0.17
"1H-Indene, 1-methylene-",0.05,0.12,0.17
"Cyclohexane, 1,3,5-trimethyl-2-octadecyl-",0.05,0.05,0.1
Pentane,0.05,0.71,0.75
"Butane, 2-methyl-",0.05,0.71,0.75
1-Pentene,0.05,0.08,0.13
"Octane, 3,5-dimethyl-",0.04,0.1,0.15
"Cyclobutane, ethyl-",0.04,0.16,0.2
"Octane, 2,3,7-trimethyl-",0.04,0.09,0.13
"Octane, 4,5-diethyl-",0.04,0.07,0.12
"Heptane, 2,2,4,6,6-pentamethyl-",0.04,0.08,0.12
Pentadecane,0.04,0.09,0.12
Ethylbenzene,0.04,0.15,0.18
"Furan, 2,5-dihydro-",0.03,0.08,0.11
Methacrolein,0.03,0.08,0.11
"Undecane, 5-methyl-",0.02,0.07,0.1
Heptanal,0.02,0.11,0.14
"Hexanal, 3-methyl-",0.02,0.11,0.14
"Hexanal, 5-methyl-",0.02,0.11,0.14
"Heptane, 3,4,5-trimethyl-",0.02,0.1,0.12
"Cyclopentane, methyl-",0.01,0.16,0.17
Eicosane,0.01,0.09,0.1
"Butane,1,2,4-trichloro-heptafluoro-",0.01,0.29,0.3
"Octane, 2,2,6-trimethyl-",0.01,0.28,0.29
"Decane, 2,3,5-trimethyl-",0,0.48,0.48
"Nonane, 4-methyl-5-propyl-",-0.01,0.15,0.14
"Decane, 3,6-dimethyl-",-0.02,0.15,0.13
"Cyclopentane, 1,2,4-trimethyl-, (1Ã ,2Ã ,4Ã¡)-",-0.03,0.03,0
6-Methyl-cyclohex-2-en-1-ol,-0.03,0.03,0
"Pyrrolidine, 1-(1-oxo-2,5-octadecadienyl)-",-0.03,0.03,0
Trilinolein,-0.03,0.03,0
9-Hexadecenoic acid,-0.03,0.03,0
"6-Fluoro-5-(4-methylpiperazin-1-yl)benzo[1,2,5]oxadiazol-1-oxide",-0.03,0.03,0
Fluvalinate,-0.03,0.03,0
"Ethane, 1,1-bis(ethylthio)-",-0.03,0.03,0
"Ethane, 2-chloro-1-ethoxy-1-methoxy-",-0.03,0.03,0
"1,3,5-Trioxane",-0.03,0.03,0
"Stearic acid, 3-(octadecyloxy)propyl ester",-0.03,0.03,0
"Propanoic acid, 2-hydroxy-, pentyl ester",-0.03,0.03,0
"Hexane, 2,3-dimethyl-",-0.03,0.03,0
"Hexane, 3-ethyl-",-0.03,0.03,0
"2H-Pyran, 2-(7-heptadecynyloxy)tetrahydro-",-0.03,0.03,0
i-Propyl 14-methyl-pentadecanoate,-0.03,0.03,0
i-Propyl hexadecanoate,-0.03,0.03,0
Isopropyl Palmitate,-0.03,0.03,0
"Hexane, 1,6-bis(3-nitrobenzylidenamino)-",-0.03,0.03,0
"7,8-Epoxylanostan-11-ol, 3-acetoxy-",-0.03,0.03,0
Phorbol,-0.03,0.03,0
"Benzene, 1-ethenyl-4-ethyl-",-0.03,0.03,0
1-Phenyl-1-butene,-0.03,0.03,0
"Methane-d, trichloro-",-0.03,0.03,0
Methylene Chloride,-0.03,0.03,0
10-Methylnonadecane,-0.03,0.03,0
1-Heptatriacotanol,-0.03,0.03,0
"10,12-Tricosadiynoic acid, methyl ester",-0.03,0.03,0
"Formic acid, 3,7,11-trimethyl-1,6,10-dodecatrien-3-yl est",-0.03,0.03,0
Emylcamate,-0.04,0.04,0
"3-Heptanol, 3,5-dimethyl-",-0.04,0.04,0
"3-Pentanol, 2-chloro-4-methyl-, (R*,R*)-(Ã±)-",-0.04,0.04,0
"Dodecane, 5,8-diethyl-",-0.04,0.21,0.18
"Hexane, 2,2,4-trimethyl-",-0.04,0.04,0
"Pentane, 2,2,4,4-tetramethyl-",-0.04,0.04,0
Heptylcyclohexane,-0.04,0.04,0
"Cyclohexane, ethyl-",-0.04,0.04,0
"Cyclohexane, 1,1""-(1,5-pentanediyl)bis-",-0.04,0.04,0
Benzophenone,-0.04,0.04,0
"1,2,4-Trioxolane, 3,3,5-triphenyl-",-0.04,0.04,0
"Nonane, 2,2,4,4,6,8,8-heptamethyl-",-0.04,0.04,0
"Octane, 6-ethyl-2-methyl-",-0.04,0.04,0
"Sulfurous acid, nonyl 2-pentyl ester",-0.04,0.04,0
"1-Decanol, 2-ethyl-",-0.04,0.04,0
2-Myristynoyl pantetheine,-0.04,0.04,0
"Cyclopentane, 1,2-dimethyl-, cis-",-0.04,0.04,0
"1-Nitro-Ã¡-d-arabinofuranose, tetraacetate",-0.04,0.04,0
"Acetic acid, (3-allyloxy-1,1-dimethylbutyl) ester",-0.04,0.04,0
"Pentanoic acid, 2,2,4-trimethyl-3-hydroxy-, isobutyl ester",-0.04,0.04,0
"1-Octene, 3,7-dimethyl-",-0.04,0.04,0
"1-Octene, 6-methyl-",-0.04,0.04,0
"1-Heptanol, 3-methyl-",-0.04,0.04,0
1-Methylpentyl cyclopropane,-0.04,0.04,0
cis-3-Nonene,-0.04,0.04,0
"Cyclobutane, 1,2-diethyl-, cis-",-0.04,0.04,0
"Heptacosane, 1-chloro-",-0.04,0.04,0
"Octadecanoic acid, 2-(octadecyloxy)ethyl ester",-0.04,0.04,0
"Spirost-8-en-11-one, 3-hydroxy-, (3Ã¡,5Ã ,14Ã¡,20Ã¡,22Ã¡,25R)-",-0.04,0.04,0
"Heptane, 2,3,5-trimethyl-",-0.04,0.04,0
2-n-Butyl furan,-0.04,0.04,0
"2-Cyclohexen-1-one, 3,6-dimethyl-6-(1-methylethyl)-",-0.04,0.04,0
"2-Cyclopenten-1-one, 3-(1-methylethyl)-",-0.04,0.04,0
"Sulfurous acid, decyl 2-propyl ester",-0.04,0.04,0
"Benzeneacetic acid, 2-tetradecyl ester",-0.04,0.04,0
"Benzene, (3-octylundecyl)-",-0.04,0.04,0
"Cyclopentane, 1,3-dimethyl-",-0.05,0.05,0
"Cyclopentane, 1,2-dimethyl-",-0.05,0.05,0
"Heptane, 2,5-dimethyl-",-0.05,0.61,0.56
"Cyclopentane, ethyl-",-0.05,0.05,0
"Cyclopropanedodecanoic acid, 2-octyl-, methyl ester",-0.05,0.05,0
"1-Hexene, 3,5-dimethyl-",-0.05,0.05,0
"1,2-Benzisothiazole",-0.05,0.05,0
Benzothiazole,-0.05,0.05,0
"p-Toluenesulfonamide, alpha-(purin-6-ylamino)-",-0.05,0.05,0
1-Undecanol,-0.05,0.05,0
"Hexadecane, 1,1-bis(dodecyloxy)-",-0.05,0.05,0
"Dodecane, 2,7,10-trimethyl-",-0.05,0.33,0.28
"Limonen-6-ol, pivalate",-0.05,0.05,0
"8-Hydroxy-2,2,8-trimethyldeca-5,9-dien-3-one",-0.05,0.05,0
"9-Octadecen-12-ynoic acid, methyl ester",-0.05,0.05,0
"Octadecane, 1,1""-[1,3-propanediylbis(oxy)]bis-",-0.05,0.05,0
"Strychane, 1-acetyl-20Ã -hydroxy-16-methylene-",-0.05,0.05,0
"Heptane, 4-propyl-",-0.05,0.05,0
"Heptane, 3-ethyl-2-methyl-",-0.05,0.05,0
"Eicosane, 7-hexyl-",-0.05,0.05,0
Ã -Methylstyrene,-0.05,0.05,0
"Azetidine, 3-methyl-3-phenyl-",-0.05,0.05,0
"(3H)Indazole, 3,3-dimethyl-",-0.05,0.05,0
"9-Octadecene, 1-[2-(octadecyloxy)ethoxy]-",-0.05,0.05,0
"Eicosanoic acid, 9-octadecenyl ester, (Z)-",-0.05,0.05,0
"3-Hexanol, 4,4-dimethyl-",-0.05,0.05,0
2-Heptanone,-0.05,0.05,0
"2-Hexanone, 4-methyl-",-0.05,0.05,0
"2-Hexanone, 5-methyl-",-0.05,0.05,0
"2H-Pyran-2-one, tetrahydro-5,6-dimethyl-, trans-",-0.05,0.05,0
"Hydroperoxide, hexyl",-0.05,0.05,0
"Malonic acid, 4-methylpent-2-yl octadecyl ester",-0.05,0.05,0
"Malonic acid, heptadecyl 4-methylpent-2-yl ester",-0.05,0.05,0
"Cyclopropane, 1,1-diethyl-",-0.06,0.06,0
"2,3-Pentanedione, 4-methyl-",-0.06,0.06,0
"3-Hexanone, 2-methyl-",-0.06,0.06,0
"3-Pentanone, 2,4-dimethyl-",-0.06,0.06,0
Pent-2-ynal,-0.06,0.06,0
Neoisolongifolene-8-ol,-0.06,0.06,0
"Undecane, 3,5-dimethyl-",-0.06,0.06,0
"Bicyclo[2.2.1]heptane-2,3-diol, 1,7,7-trimethyl-, (endo,endo)-",-0.06,0.06,0
"Bicyclo[2.2.1]heptane-2,3-diol, 1,7,7-trimethyl-, (exo,exo)-",-0.06,0.06,0
"Bicyclo[2.2.1]heptane-2,5-diol, 1,7,7-trimethyl-, (2-endo,5-exo)-",-0.06,0.06,0
"Undecane, 3-methylene-",-0.07,0.07,0
"Propanoic acid, 2-methyl-, 2-ethylhexyl ester",-0.07,0.07,0
"5,9-Dodecadien-2-one, 6,10-dimethyl-, (E,E))-",-0.07,0.07,0
"2-Butanone, 4-hydroxy-3-(hydroxymethyl)-3-methyl-",-0.07,0.07,0
"2-Propen-1-ol, 2-methyl-, acetate",-0.07,0.07,0
"2-Propenoic acid, 2-methyl-, ethenyl ester",-0.07,0.07,0
"2-Furanone, 2,5-dihydro-3,5-dimethyl",-0.07,0.07,0
3-Penten-2-one,-0.07,0.07,0
"Hexadecane, 7-methyl-",-0.07,0.07,0
"Formaldehyde, (triphenylphosphoranylidene)hydrazone",-0.07,0.07,0
"Butylaldehyde, 4-benzyloxy-4-[2,2,-dimethyl-4-dioxolanyl]-",-0.07,0.07,0
Triphenylphosphine oxide,-0.07,0.07,0
"Oxalic acid, 2-ethylhexyl hexyl ester",-0.07,0.07,0
"Ethane, 1,1,2-trichloro-1,2,2-trifluoro-",-0.07,0.2,0.12
"1,1,3-Trichlorotrifluoroacetone",-0.07,0.2,0.12
"2-Heptene, 3-methyl-",-0.07,0.07,0
"Heptane, 3-methylene-",-0.07,0.07,0
"Hexane, 2-methyl-4-methylene-",-0.07,0.07,0
"(1R,2R,3R,5S)-(-)-Isopinocampheol",-0.07,0.07,0
"Bicyclo[3.1.1]heptan-3-ol, 2,6,6-trimethyl-",-0.07,0.07,0
"Bicyclo[3.1.1]heptan-3-ol, 2,6,6-trimethyl-, (1Ã ,2Ã¡,3Ã ,5",-0.07,0.07,0
"Dichloroacetic acid, 4-methylpentyl ester",-0.07,0.07,0
"Heptane, 2,3-dimethyl-",-0.07,0.07,0
"Naphthalene, 1-(2-hydroxypropyl)",-0.07,0.07,0
"2-Thiophenecarboxylic acid, 5-nonyl-",-0.07,0.07,0
Undecane,-0.08,0.29,0.22
"Bicyclo[4.4.1]undeca-1,3,5,7,9-pentaene",-0.08,0.08,0
Benzocycloheptatriene,-0.08,0.08,0
"Naphthalene, 2-methyl-",-0.08,0.08,0
cis-2-Nonene,-0.08,0.08,0
"3-Undecene, 4-methyl-",-0.08,0.08,0
"1,2-Ethanediamine, N-(phenylmethyl)-",-0.08,0.08,0
1-Octene,-0.08,0.08,0
2-Octene,-0.08,0.08,0
Cyclopentane,-0.08,0.08,0
"Cyclobutane, methyl-",-0.08,0.08,0
"2,3-Dihydrofuran",-0.08,0.08,0
"2-Furanmethanediol, dipropionate",-0.09,0.09,0
3-Furaldehyde,-0.09,0.09,0
Furfural,-0.09,0.09,0
"Heptane, 3,3,4-trimethyl-",-0.09,0.09,0
"Nonane, 5-butyl-",-0.09,0.09,0
"Nonane, 4-methyl-",-0.09,0.22,0.14
"Cyclohexene, 4-(1,1-dimethylethyl)-",-0.09,0.09,0
"7-Heptadecyne, 1-chloro-",-0.09,0.09,0
"2-Butyloxycarbonyloxy-1,1,10-trimethyl-6,9-epidioxydec",-0.09,0.09,0
"Sulfurous acid, 2-ethylhexyl isobutyl ester",-0.09,0.09,0
"Pentane, 2,2,3,3-tetramethyl-",-0.09,0.09,0
"1,3,7-Octatriene, 3,7-dimethyl-",-0.09,0.09,0
"10-Heneicosene, 11-phenyl-",-0.09,0.09,0
"4,4,6-Trimethyl-6-phenyltetrahydro-1,3-oxazine-2-thione",-0.09,0.09,0
"Naphthalene, 1,2,3,4-tetrahydro-6-methyl-",-0.09,0.09,0
"Hexane, 1-propoxy-",-0.1,0.1,0
"1-Pentanol, 2,4-dimethyl-, (Ã±)-",-0.1,0.1,0
"3,5-Dimethyl-1,6-heptadien-4-ol",-0.1,0.1,0
"2-Pentene, 4,4-dimethyl-, (E)-",-0.1,0.1,0
"2-Pentene, 2,4-dimethyl-",-0.1,0.1,0
"Cyclopropane, 1,1,2,2-tetramethyl-",-0.1,0.1,0
"Butane, 2-chloro-3-methyl-",-0.1,0.1,0
"Butanal, 3-methyl-",-0.1,0.1,0
"2-Butanamine, (S)-",-0.1,0.1,0
Pentanal,-0.1,0.1,0
"Decane, 3,4-dimethyl-",-0.11,0.11,0
"2,6-Octadien-1-ol, 2,7-dimethyl-",-0.11,0.11,0
"2-Methyl-1,5-heptadien-4-ol",-0.11,0.11,0
"Bicyclo[3.1.1]hept-3-ene, 4,6,6-trimethyl-2-vinyloxy-",-0.11,0.11,0
"Butane, 2,2,3-trimethyl-",-0.11,0.11,0
"Pentane, 2,2-dimethyl-",-0.11,0.11,0
"Carbamic acid, (cyanomethyl)-, 1,1-dimethylethyl ester",-0.11,0.11,0
"2,4-Dimethyl-4-penten-2-ol",-0.11,0.11,0
"1-Undecene, 4-methyl-",-0.12,0.12,0
"Undecane, 3,4-dimethyl-",-0.12,0.12,0
"Undecane, 3,6-dimethyl-",-0.13,0.13,0
1-Butanol,-0.13,0.13,0
"Oxirane, (1-methylethyl)-",-0.13,0.13,0
"Oxetane, 2,3,4-trimethyl-, (2Ã ,3Ã ,4Ã¡)-",-0.13,0.13,0
"1,5-Hexadien-3-yne",-0.13,0.54,0.4
"1,3-Hexadien-5-yne",-0.13,0.54,0.4
Benzene,-0.13,0.54,0.4
"Bicyclo[2.2.1]heptane, 2,2-dimethyl-3-methylene-, (1R)-",-0.13,0.13,0
"Carbonic acid, isobutyl nonyl ester",-0.13,0.13,0
"1-Heptanol, 2-propyl-",-0.13,0.13,0
"N,N-Diethyl-2-(4-chlorophenyl)-3-morpholino- thioacrylamide-",0.14,0.14,0
Methyl octyl ether,-0.14,0.14,0
"1-Decene, 4-methyl-",-0.14,0.14,0
"Octane, 3-methyl-",-0.14,0.14,0
"Decane, 2,6,8-trimethyl-",-0.14,0.29,0.15
"Nonane, 2,3-dimethyl-",-0.15,0.15,0
trans-2-Undecen-1-ol,-0.15,0.15,0
"Pentanoic acid, heptyl ester",-0.15,0.15,0
"2,2-Dimethylpropionic acid, decyl ester",-0.15,0.15,0
"2,2-Dimethylpropionic acid, undec-10-enyl ester",-0.15,0.15,0
"Eicosane, 2-cyclohexyl-",-0.16,0.16,0
Eucalyptol,-0.16,0.16,0
"Undecane, 2-cyclohexyl-",-0.16,0.16,0
"Cyclohexene, 1-methyl-4-(1-methylethylidene)-",-0.17,0.17,0
"1,4-Cyclohexadiene, 1-methyl-4-(1-methylethyl)-",-0.17,0.17,0
"3-Cyclohexen-1-ol, 4-methyl-1-(1-methylethyl)-, acetate",-0.17,0.17,0
"Methane, bromodichlorofluoro-",-0.17,0.41,0.24
Trichloromonofluoromethane,-0.17,0.41,0.24
"Decane, 2,3,5,8-tetramethyl-",-0.18,0.33,0.15
"Hexane, 2-methyl-",-0.18,0.31,0.13
"Methane, dichloronitro-",-0.18,0.18,0
"Methane, oxybis[dichloro-",-0.18,0.18,0
Trichloromethane,-0.18,0.18,0
"Benzene, 1,2,3-trimethyl-",-0.19,0.19,0
"Hexane, 2,4-dimethyl-",-0.2,0.31,0.11
o-Xylene,-0.2,0.39,0.18
"Heptane, 5-ethyl-2,2,3-trimethyl-",-0.22,0.34,0.12
Benzaldehyde,-0.22,0.36,0.14
"5-Methyl-1,5-hexadien-3-ol",-0.25,0.25,0
"1-Octyn-3-ol, 4-ethyl-",-0.25,0.25,0
"Heptane, 3-bromo-",-0.25,0.25,0
"Benzene, 1-chloro-3-fluoro-",-0.25,0.4,0.15
Bis(chloromethyl) sulfide,-0.25,0.4,0.15
Trichloroethylene,-0.25,0.4,0.15
"Benzene, 1,2,4-trimethyl-",-0.26,0.26,0
"Decane, 2,4-dimethyl-",-0.27,0.39,0.12
2-Nonen-1-ol,-0.27,0.27,0
"2-Nonen-1-ol, (E)-",-0.27,0.27,0
"Heptane, 3,4-dimethyl-",-0.28,0.28,0
"Oxirane, (1,1-dimethylbutyl)-",-0.28,0.28,0
"Cyclopentane, 1,1-dimethyl-",-0.28,0.28,0
"5-Tridecene, (Z)-",-0.28,0.28,0
"Undecane, 5,5-dimethyl-",-0.29,0.29,0
"2-Pentene, 4,4-dimethyl-",-0.31,0.31,0
"1,2-Benzisothiazol-3-amine tbdms",-0.31,0.31,0
"Bicyclo[4.1.0]heptane, 3,7,7-trimethyl-, (1Ã ,3Ã ,6Ã )-",-0.31,0.31,0
"Bicyclo[4.1.0]heptane, 3,7,7-trimethyl-, [1S-(1Ã ,3Ã¡,6Ã )",-0.31,0.31,0
"4-Pentenal, 2-ethyl-",-0.33,0.33,0
"1,2,4-Trioxolane, 3-phenyl-",-0.36,0.36,0
Phenylglyoxal,-0.36,0.36,0
"Pentane, 2,4-dimethyl-",-0.45,0.57,0.13
"Cyclobutanol, 2-ethyl-",-0.52,0.52,0
(-)-cis-Myrtanol,-0.52,0.52,0
"5-Hepten-1-ol, 2-ethenyl-6-methyl-",-0.52,0.52,0
"Bicyclo[3.1.1]heptane-2-methanol, 6,6-dimethyl-, [1S-(1Ã",-0.52,0.52,0
"Octane, 3,4-dimethyl-",-0.57,0.57,0
"Pentane, 2,2,4-trimethyl-",-0.61,0.61,0
"Octane, 3-ethyl-2,7-dimethyl-",-0.66,0.84,0.18
"Nonane, 3-methyl-",-0.67,0.8,0.13
"2-Pentanone, 3-methyl-",-0.71,0.71,0
"Pentane, 3-ethyl-2,2-dimethyl-",-0.72,0.72,0
"Benzene, 2-ethenyl-1,4-dimethyl-",-0.93,0.93,0
Butane,-1.05,1.72,0.67
"1,4-Pentadiene",-1.51,1.51,0
Isobutane,-1.72,1.72,0
Cyclobutylamine,-1.72,1.72,0
Isopropyl Alcohol,-21.35,24.49,3.14
4-Penten-2-ol,-21.35,24.49,3.14
4-Amino-1-butanol,-24.49,24.49,0
